Group 1,Group 2,H,p-value,q-value
no (n=13),yes (n=32),14.488294314381278,0.00014103321225661036,0.00014103321225661036
