Group 1,Group 2,H,p-value,q-value
Baquedano (n=21),Yungay (n=24),0.0020703933747654446,0.963707519117939,0.963707519117939
